type,properties/@id,properties/internet_access,properties/name,properties/old_name,properties/phone,properties/rooms,properties/tourism,properties/website,geometry/type,geometry/coordinates/0,geometry/coordinates/1,id,properties/amenity,properties/cuisine,properties/addr:housenumber,properties/addr:street,properties/check_date,properties/indoor_seating,properties/wheelchair,properties/addr:country,properties/addr:postcode,properties/addr:suburb,properties/air_conditioning,properties/brand,properties/brand:wikidata,properties/brand:wikipedia,properties/contact:phone,properties/contact:website,properties/opening_hours,properties/addr:city,properties/addr:unit,properties/payment:cash,properties/payment:credit_cards,properties/payment:debit_cards,properties/bar,properties/outdoor_seating,properties/smoking,properties/addr:housename,properties/addr:state,properties/internet_access:fee,properties/takeaway,properties/email,properties/addr:floor,properties/level,properties/toilets,properties/toilets:access,properties/name:en,properties/changing_table,properties/drive_through,properties/toilets:menstrual_products,properties/toilets:wheelchair,properties/historic,properties/operator,properties/contact:facebook,properties/breakfast,properties/delivery,properties/delivery:partner,properties/fixme,properties/ref,properties/contact:instagram,properties/contact:twitter,properties/fax,properties/stars,properties/website:menu,properties/highchair,properties/phone:AU,properties/brand:en,properties/brand:ja,properties/name:ja,properties/reservation,properties/wikidata,properties/wikipedia,properties/capacity,properties/brewery,properties/description,properties/diet:dairy_free,properties/diet:gluten_free,properties/diet:meat,properties/diet:vegetarian,properties/payment:mastercard,properties/payment:visa,properties/diet:vegan,properties/alt_name,properties/check_date:diet:vegan,properties/check_date:diet:vegetarian,properties/check_date:opening_hours,properties/check_date:smoking,properties/payment:american_express,properties/min_age,properties/drink:coffee,properties/food:salad,properties/food:bagel,properties/diet:noodle,properties/not:brand:wikidata,properties/opening_hours:signed,properties/self_service,properties/drink:bubble_tea,properties/currency:AUD,properties/second_hand,properties/stroller
Feature,node/61712373,wlan,Aurea Hotel,Sullivans Hotel,+61 8 6146 3933,71,hotel,https://aureahotel.com.au/,Point,115.8454903,-31.959261,node/61712373,,,,,,,,,,,,,,,,,,,,,,,,,,,,,,,,,,,,,,,,,,,,,,,,,,,,,,,,,,,,,,,,,,,,,,,,,,,,,,,,,,,,,,,,
Feature,node/322132928,,The Red Fox Restaraunt and Tavern,,,,,,Point,-76.2522307,44.9003995,node/322132928,restaurant,,,,,,,,,,,,,,,,,,,,,,,,,,,,,,,,,,,,,,,,,,,,,,,,,,,,,,,,,,,,,,,,,,,,,,,,,,,,,,,,,,,,,,,
Feature,node/443149505,,Jersey Joe's,,,,,,Point,-76.2546359,44.9024783,node/443149505,restaurant,pizza,,,,,,,,,,,,,,,,,,,,,,,,,,,,,,,,,,,,,,,,,,,,,,,,,,,,,,,,,,,,,,,,,,,,,,,,,,,,,,,,,,,,,,
Feature,node/443151704,,Peter's Restaurant,,,,,,Point,-76.2485318,44.8989202,node/443151704,restaurant,,,,,,,,,,,,,,,,,,,,,,,,,,,,,,,,,,,,,,,,,,,,,,,,,,,,,,,,,,,,,,,,,,,,,,,,,,,,,,,,,,,,,,,
Feature,node/443152542,,Fiddleheads Bar & Grill,,,,,https://www.fiddleheadsbarandgrill.com/,Point,-76.2512987,44.899623,node/443152542,restaurant,,53,Herriott Street,,,,,,,,,,,,,,,,,,,,,,,,,,,,,,,,,,,,,,,,,,,,,,,,,,,,,,,,,,,,,,,,,,,,,,,,,,,,,,,,,,,,
Feature,node/443152543,,Coutts Coffee Roastery & Cafe,,,,,,Point,-76.2492273,44.8999295,node/443152543,cafe,,,,2025-09-06,,,,,,,,,,,,,,,,,,,,,,,,,,,,,,,,,,,,,,,,,,,,,,,,,,,,,,,,,,,,,,,,,,,,,,,,,,,,,,,,,,,
Feature,node/443153840,,Mammoth cheese,,,,attraction,,Point,-76.2477742,44.9002428,node/443153840,,,,,,,,,,,,,,,,,,,,,,,,,,,,,,,,,,,,,,,,,,,,,,,,,,,,,,,,,,,,,,,,,,,,,,,,,,,,,,,,,,,,,,,,
Feature,node/491331934,,Toctoc,,,,,,Point,115.8595628,-31.9489896,node/491331934,cafe,dessert,208,William Street,2024-09-11,yes,limited,,,,,,,,,,,,,,,,,,,,,,,,,,,,,,,,,,,,,,,,,,,,,,,,,,,,,,,,,,,,,,,,,,,,,,,,,,,,,,,,,
Feature,node/492098375,wlan,Novotel Perth Langley,,,,hotel,,Point,115.8677743,-31.958992,node/492098375,,,221,Adelaide Terrace,,,,AU,6000,Perth,yes,Novotel,Q420545,en:Novotel,+61 8 9221 1200,https://www.novotelperthlangley.com.au/,,,,,,,,,,,,,,,,,,,,,,,,,,,,,,,,,,,,,,,,,,,,,,,,,,,,,,,,,,,,,,,,,,,,,,,,
Feature,node/600328446,,The Moon,,,,,,Point,115.8610643,-31.9460394,node/600328446,restaurant,,,,2024-06-18,,,,,,,,,,,,Mo-Th 17:00-00:00; Fr 17:00-01:00; Sa 12:00-01:00; Su 12:00-00:00,,,,,,,,,,,,,,,,,,,,,,,,,,,,,,,,,,,,,,,,,,,,,,,,,,,,,,,,,,,,,,,,,,,,,,,
Feature,node/729404823,,Pensione Hotel,,,,hotel,,Point,115.8628067,-31.9543917,node/729404823,,,,,2023-09-13,,,,,,,,,,,,,,,,,,,,,,,,,,,,,,,,,,,,,,,,,,,,,,,,,,,,,,,,,,,,,,,,,,,,,,,,,,,,,,,,,,,
Feature,node/729404992,,Seasons,,,,hotel,,Point,115.862339,-31.9545972,node/729404992,,,,,2023-09-13,,,,,,,,,,,,,,,,,,,,,,,,,,,,,,,,,,,,,,,,,,,,,,,,,,,,,,,,,,,,,,,,,,,,,,,,,,,,,,,,,,,
Feature,node/796259735,,Perth Restaurant,,,,,,Point,-76.2502702,44.9007838,node/796259735,restaurant,,,,,,,,,,,,,,,,,,,,,,,,,,,,,,,,,,,,,,,,,,,,,,,,,,,,,,,,,,,,,,,,,,,,,,,,,,,,,,,,,,,,,,,
Feature,node/796259743,,Skye Dragon,,+1-613-267-2828,,,,Point,-76.2519272,44.9005965,node/796259743,restaurant,chinese,70,Foster Street,,,,,,,,,,,,,,Perth,,,,,,,,,,,,,,,,,,,,,,,,,,,,,,,,,,,,,,,,,,,,,,,,,,,,,,,,,,,,,,,,,,,,,,
Feature,node/796259752,,Bistro 54,,,,,,Point,-76.251553,44.9008302,node/796259752,restaurant,,,,,,,,,,,,,,,,,,,,,,,,,,,,,,,,,,,,,,,,,,,,,,,,,,,,,,,,,,,,,,,,,,,,,,,,,,,,,,,,,,,,,,,
Feature,node/796259781,,The Cafe Hideaway,,,,,,Point,-76.2517759,44.9010102,node/796259781,restaurant,american,,,,,,,,,,,,,,,,,,,,,,,,,,,,,,,,,,,,,,,,,,,,,,,,,,,,,,,,,,,,,,,,,,,,,,,,,,,,,,,,,,,,,,
Feature,node/796273685,,JJ's Kitchen,,,,,,Point,-76.2512353,44.9015123,node/796273685,restaurant,,,,,,,,,,,,,,,,,,,,,,,,,,,,,,,,,,,,,,,,,,,,,,,,,,,,,,,,,,,,,,,,,,,,,,,,,,,,,,,,,,,,,,,
Feature,node/796289424,,Mex & Co.,,,,,,Point,-76.2493548,44.9001433,node/796289424,restaurant,mexican,,,2025-09-06,,,,,,,,,,,,,,,,,,,,,,,,,,,,,,,,,,,,,,,,,,,,,,,,,,,,,,,,,,,,,,,,,,,,,,,,,,,,,,,,,,,
Feature,node/796574642,,The Stone Cellar,,,,,,Point,-76.2488895,44.8996277,node/796574642,restaurant,,,,,,,,,,,,,,,,,,,,,,,,,,,,,,,,,,,,,,,,,,,,,,,,,,,,,,,,,,,,,,,,,,,,,,,,,,,,,,,,,,,,,,,
Feature,node/796576074,,Kothu Labs,,,,,,Point,-76.2506649,44.901338,node/796576074,restaurant,indian,,,,,,,,,,,,,,,,,,,,,,,,,,,,,,,,,,,,,,,,,,,,,,,,,,,,,,,,,,,,,,,,,,,,,,,,,,,,,,,,,,,,,,
Feature,node/885887069,,Murray Mews,,+61 8 6119 7987,,,https://murraymews.com,Point,115.8556821,-31.9521785,node/885887069,cafe,,329,Murray Street,2026-01-05,,,,,,,,,,,,,,4,yes,yes,yes,,,,,,,,,,,,,,,,,,,,,,,,,,,,,,,,,,,,,,,,,,,,,,,,,,,,,,,,,,,,,,,,,,
Feature,node/1093402703,,No 44 King Street,,,,,,Point,115.8551905,-31.9522303,node/1093402703,restaurant,,,,,,,,,,,,,,,,,,,,,,,,,,,,,,,,,,,,,,,,,,,,,,,,,,,,,,,,,,,,,,,,,,,,,,,,,,,,,,,,,,,,,,,
Feature,node/1093402710,,Breve Cafe & Bar,,,,,,Point,115.8606286,-31.9533347,node/1093402710,cafe,coffee_shop,,,2025-08-22,,,,,,,,,,,,,,,,,,yes,yes,no,,,,,,,,,,,,,,,,,,,,,,,,,,,,,,,,,,,,,,,,,,,,,,,,,,,,,,,,,,,,,,,
Feature,node/1361264135,wlan,The Coffee Club,,,,,https://www.coffeeclub.com.au/,Point,115.8578913,-31.9524094,node/1361264135,cafe,coffee_shop,,,,,,AU,,,,The Coffee Club,Q7726599,en:The Coffee Club,,,,,,,,,,,,One40 William,WA,no,yes,,,,,,,,,,,,,,,,,,,,,,,,,,,,,,,,,,,,,,,,,,,,,,,,,,,,,,,,,,,
Feature,node/1501726031,,Criterion,,,,hotel,,Point,115.8617382,-31.9549138,node/1501726031,,,37,Pier Street,2025-03-21,,,,,,,,,,,,,,,,,,,,,,,,,,,,,,,,,,,,,,,,,,,,,,,,,,,,,,,,,,,,,,,,,,,,,,,,,,,,,,,,,,,
Feature,node/1626837688,,7 grams,,,,,,Point,115.8611544,-31.9412773,node/1626837688,cafe,,212,Lake Street,,,,AU,6000,,,,,,,,,,,,,,,,,,,,,,,,,,,,,,,,,,,,,,,,,,,,,,,,,,,,,,,,,,,,,,,,,,,,,,,,,,,,,,,
Feature,node/1653255523,,Drunk Elephant Bar & Bistro,,+61 8 9225 6388,,,https://www.bar138.com.au/,Point,115.8612925,-31.9527891,node/1653255523,restaurant,,,,,,,,,,,,,,,,,,,,,,,,,,,,,info@bar138.com.au,,,,,,,,,,,,,,,,,,,,,,,,,,,,,,,,,,,,,,,,,,,,,,,,,,,,,,,,,,
Feature,node/1653255534,,Adina Apartment Hotel,,,,hotel,,Point,115.8613285,-31.9527191,node/1653255534,,,138,Barrack Street,,,,AU,6000,Perth,,,,,,,,,,,,,,,,,,,,,,,,,,,,,,,,,,,,,,,,,,,,,,,,,,,,,,,,,,,,,,,,,,,,,,,,,,,,,,
Feature,node/1717885080,,Barista 235,,,,,,Point,115.8508856,-31.9538617,node/1717885080,cafe,,,,,,,,,,,,,,,,,,,,,,,,,,,,,,,,,,,,,,,,,,,,,,,,,,,,,,,,,,,,,,,,,,,,,,,,,,,,,,,,,,,,,,,
Feature,node/1717885085,,Caffissimo,,,,,,Point,115.8556009,-31.9556914,node/1717885085,cafe,,,,,,,,,,,,,,,,,,,,,,,,,,,,,,,,,,,,,,,,,,,,,,,,,,,,,,,,,,,,,,,,,,,,,,,,,,,,,,,,,,,,,,,
Feature,node/1717885086,,Dôme,,,,,https://www.domecoffees.com/,Point,115.8655788,-31.9575802,node/1717885086,cafe,coffee_shop,,,,,,AU,,,,Dôme,Q5289995,en:Dôme (coffeehouse),,,,,,,,,,,,,WA,,yes,,,,,,,,,,,,,,,,,,,,,,,,,,,,,,,,,,,,,,,,,,,,,,,,,,,,,,,,,,,
Feature,node/1717885087,,Sentinel Bar & Grill,,,,,https://sentinelbar.com.au,Point,115.856242,-31.9548389,node/1717885087,restaurant,,111,St Georges Terrace,2026-01-22,,,,6000,Perth,yes,,,,,,Mo-Fr 11:30-21:30; Sa 17:30-22:00,,,,,,yes,yes,,,,,,,G,0,yes,customers,,,,,,,,,,,,,,,,,,,,,,,,,,,,,,,,,,,,,,,,,,,,,,,,,,,,,,
Feature,node/1717885088,,LouVe,,,,,,Point,115.8531118,-31.9548767,node/1717885088,cafe,,,,,,,,,,,,,,,,,,,,,,,,,,,,,,,,,,,,,,,,,,,,,,,,,,,,,,,,,,,,,,,,,,,,,,,,,,,,,,,,,,,,,,,
Feature,node/1717885095,,Metro Bar & Grill,,,,,,Point,115.852393,-31.9555503,node/1717885095,restaurant,,,,,,,,,,,,,,,,,,,,,,,,,,,,,,,,,,,,,,,,,,,,,,,,,,,,,,,,,,,,,,,,,,,,,,,,,,,,,,,,,,,,,,,
Feature,node/1717885099,,Dôme,,,,,,Point,115.8541633,-31.9545444,node/1717885099,cafe,coffee_shop,,,2023-08-28,,,,,,,Dôme,Q5289995,,,,,,,,,,,,,,,,yes,,,,,,Dôme,,,,,,,,,,,,,,,,,,,,,,,,,,,,,,,,,,,,,,,,,,,,,,,,,,,,,
Feature,node/1717885104,,Nippon Izakaya Bar + Kitchen,,,,,https://www.nipponbarandkitchen.com.au/,Point,115.8513684,-31.9518954,node/1717885104,restaurant,japanese,250,St Georges Terrace,,,,,6000,Perth,,,,,,,,,,,,,,,,,,,,,,,,,,,,,,,,,,,,,,,,,,,,,,,,,,,,,,,,,,,,,,,,,,,,,,,,,,,,,,
Feature,node/1717885111,no,Tartine Cafe,,,,,,Point,115.8581383,-31.954954,node/1717885111,cafe,,72,Trinity Arcade,2026-01-30,,yes,,,,yes,,,,,,,,,,,,,no,no,,,,,,G,0,no,,,no,no,no,no,,,,,,,,,,,,,,,,,,,,,,,,,,,,,,,,,,,,,,,,,,,,,,,,,
Feature,node/1717885122,,Miss Maud Swedish Hotel,,+61 8 9325 3900,,hotel,https://www.missmaudhotel.com.au/,Point,115.8622957,-31.9542759,node/1717885122,,,97,Murray Street,,,,AU,6000,Perth,,,Q6877044,en:Miss Maud,,,,,,,,,,,,,WA,,,,,,,,,,,,,,,,,,,,,,,,,,,,,,,,,,,,,,,,,,,,,,,,,,,,,,,,,,,,,
Feature,node/1717885128,,Caffissimo,,,,,,Point,115.855837,-31.9550769,node/1717885128,cafe,,,,,,,,,,,,,,,,,,,,,,,,,,,,,,,,,,,,,,,,,,,,,,,,,,,,,,,,,,,,,,,,,,,,,,,,,,,,,,,,,,,,,,,
Feature,node/1717888897,,Dragon Palace,,,,,,Point,115.8519531,-31.9525963,node/1717888897,restaurant,chinese,,,,,,,,,,,,,,,,,,,,,,,,,,,,,,,,,,,,,,,,,,,,,,,,,,,,,,,,,,,,,,,,,,,,,,,,,,,,,,,,,,,,,,
Feature,node/1717888898,,Tony Roma's,,,,,,Point,115.851937,-31.9522003,node/1717888898,restaurant,barbecue,,,,,,,,,,Tony Roma's,Q2213883,,,,Mo-Su 11:00-21:00,,,,,,,,,,,,,,,,,,,,,,,,,,,,,,,,,,,,,,,,,,,,,,,,,,,,,,,,,,,,,,,,,,,,,,,
Feature,node/1717889519,,Lowdown Espresso,,,,,,Point,115.853352,-31.9529388,node/1717889519,cafe,coffee_shop,,,,,,,,,,,,,,,,,,,,,,,,,,,,,,,,,,,,,,,,,,,,,,,,,,,,,,,,,,,,,,,,,,,,,,,,,,,,,,,,,,,,,,
Feature,node/1767577845,,The Heritage,,,,,,Point,115.8552028,-31.9545798,node/1767577845,restaurant,,131,St Georges Terrace,,,,,6000,Perth,,,,,,,,,,,,,,,,,,,,,,,,,,,,,,,,,,,,,,,,,,,,,,,,,,,,,,,,,,,,,,,,,,,,,,,,,,,,,,
Feature,node/1767577852,,Trustee,,,,,,Point,115.8550698,-31.9544939,node/1767577852,restaurant,,133,St Georges Terrace,,,,,6000,Perth,,,,,,,,,,,,,,,,,,,,,,,,,,,,,,,,,,,,,,,,,,,,,,,,,,,,,,,,,,,,,,,,,,,,,,,,,,,,,,
Feature,node/1818461155,,Basilica,,,,,,Point,115.8543726,-31.9545878,node/1818461155,cafe,coffee_shop,,,2023-08-28,,,,,,,,,,,,,,,,,,,yes,,,,,,,,,,,,,,,,,,,,,,,,,,,,,,,,,,,,,,,,,,,,,,,,,,,,,,,,,,,,,,,,
Feature,node/1818464712,,Flour Drum,,,,,,Point,115.8526962,-31.9550156,node/1818464712,cafe,,,,,,,,,,,,,,,,,,,,,,,,,,,,,,,,,,,,,,,,,,,,,,,,,,,,,,,,,,,,,,,,,,,,,,,,,,,,,,,,,,,,,,,
Feature,node/1919595995,,Ut Si Café,,,,,,Point,147.17405,-41.5767025,node/1919595995,cafe,coffee_shop,,,,,,,,,,,,,,,,,,,,,,,,,,,,,,,,,,,,,,,,,,,,,,,,,,,,,,,,,,,,,,,,,,,,,,,,,,,,,,,,,,,,,,
Feature,node/1952464895,,Print Hall,,,,,,Point,115.8553136,-31.9549118,node/1952464895,restaurant,,,,,,,,,,,,,,,,,,,,,,,,,,,,,,,,,,,,,,,,,,,,,,,,,,,,,,,,,,,,,,,,,,,,,,,,,,,,,,,,,,,,,,,
Feature,node/1972157551,,Small Print,,,,,,Point,115.8553065,-31.9548505,node/1972157551,cafe,coffee_shop,,,,,,,,,,,,,,,,,,,,,,,,,,,,,,,,,,,,,,,,,,,,,,,,,,,,,,,,,,,,,,,,,,,,,,,,,,,,,,,,,,,,,,
Feature,node/2086327010,,Twisted Fork Cafe and Bistro,,,,,,Point,-76.2509928,44.9010131,node/2086327010,cafe,,,,,,,,,,,,,,,,,,,,,,,,,,,,,,,,,,,,,,,,,,,,,,,,,,,,,,,,,,,,,,,,,,,,,,,,,,,,,,,,,,,,,,,
Feature,node/2509777457,,The Hot Wok,,+1-613-264-9994,,,https://www.thehotwok.ca/,Point,-76.2545621,44.9024251,node/2509777457,restaurant,asian,41,Wilson Street West,,,,,,,,,,,,,,Perth,,,,,,,,,,,,,,,,,,,,,,,,,,,,,,,,,,,,,,,,,,,,,,,,,,,,,,,,,,,,,,,,,,,,,,
Feature,node/2511900621,,Rocky River Cafe & Restaurant,,,,,,Point,-76.2523829,44.9001401,node/2511900621,cafe,,,,2022-09-30,,,,,,,,,,,,,,,,,,,,,,,,,,,,,,,,,,,,,,,,,,,,,,,,,,,,,,,,,,,,,,,,,,,,,,,,,,,,,,,,,,,
Feature,node/2762708978,,Gather,,,,,,Point,-76.2501787,44.9003127,node/2762708978,restaurant,,,,,,,,,,,,,,,,,,,,,,,,,,,,,,,,,,,,,,,,,,,,,,,,,,,,,,,,,,,,,,,,,,,,,,,,,,,,,,,,,,,,,,,
Feature,node/2769088971,,Mounts Bay Waters Apartment,,,,hotel,,Point,115.8483025,-31.9549268,node/2769088971,,,,,,,,,,,,,,,,,,,,,,,,,,,,,,,,,,,,,,,,,,,,,,,,,,,,,,,,,,,,,,,,,,,,,,,,,,,,,,,,,,,,,,,,
Feature,node/3008815395,,Whistle Stop Café,,,,,,Point,115.8768436,-31.9433051,node/3008815395,cafe,,,,,,,,,,,,,,,,,,,,,,,,,,,,,,,0,,,,,,,,,,,,,,,,,,,,,,,,,,,,,,,,,,,,,,,,,,,,,,,,,,,,,,,,
Feature,node/3018276477,,542,,,,attraction,,Point,115.8774631,-31.9420684,node/3018276477,,,,,,,,,,,,,,,,,,,,,,,,,,,,,,,,,,,,,,,,locomotive,"Australian Railway Historical Society, W.A. Division (Inc)",,,,,,,,,,,,,,,,,,,,,,,,,,,,,,,,,,,,,,,,,,,,,,,
Feature,node/3500698289,no,Mo Expresso,,,,,,Point,115.8583571,-31.9543955,node/3500698289,cafe,coffee_shop,,,,,,,,,,,,,,,,,,,,,,,,,,,,,,,,,,,,,,,,,,,,,,,,,,,,,,,,,,,,,,,,,,,,,,,,,,,,,,,,,,,,,,
Feature,node/3514667574,,Pancakes at Carillon,,,,,,Point,115.8586294,-31.9538563,node/3514667574,restaurant,,,,,,,,,,,,,,,,,,,,,,,,,,,,,,,,,,,,,,,,,,,,,,,,,,,,,,,,,,,,,,,,,,,,,,,,,,,,,,,,,,,,,,,
Feature,node/3617522857,no,Max + Sons,,,,,,Point,115.8582949,-31.9518738,node/3617522857,cafe,coffee_shop,140,William Street,2023-03-08,,,,,,,,,,,,Mo-Fr 06:30-16:30,,,,,,,,no,,,,yes,,,,,,,,,,,,,https://facebook.com/Max-Sons-903637699669768,,,,,,,,,,,,,,,,,,,,,,,,,,,,,,,,,,,,,,,,,,,,,,
Feature,node/3823720857,,Henry Saw Cafe,,,,,https://www.museumofperth.com.au/,Point,115.8606026,-31.9530794,node/3823720857,cafe,,,,,,limited,,,,,,,,,,Mo-Fr 07:00-15:00; Sa 08:00-14:00,,,,,,,,,,,,,,,,,,,,,,,,Perth History Association,,,,,,,,,,,,,,,,,,,,,,,,,,,,,,,,,,,,,,,,,,,,,,,
Feature,node/4080877186,,London Cafe,,,,,,Point,115.8576781,-31.9597395,node/4080877186,cafe,,,,,,,,,,,,,,,,,,,,,,,,,,,,,,,,,,,,,,,,,,,,,,,,,,,,,,,,,,,,,,,,,,,,,,,,,,,,,,,,,,,,,,,
Feature,node/4119084893,,Riverside Cafe,,,,,,Point,115.8582826,-31.959896,node/4119084893,cafe,,,,,,,,,,,,,,,,,,,,,,,,,,,,,,,,,,,,,,,,,,,,,,,,,,,,,,,,,,,,,,,,,,,,,,,,,,,,,,,,,,,,,,,
Feature,node/4192833289,,Noodle Forum,,+61 8 6114 8443,,,https://www.noodleforum.com.au/,Point,115.8536402,-31.9515092,node/4192833289,restaurant,,9,Shafto Lane,,,,,,,,,,,,,,,,,,,,,,,,,,,,,,,,,,,,,,,,,,,,,,,,,,,,,,,,,,,,,,,,,,,,,,,,,,,,,,,,,,,,
Feature,node/4212361276,,Phi Yen,,+61 8 9227 1032,,,http://phiyen.com.au/,Point,115.860714,-31.9419554,node/4212361276,restaurant,vietnamese,,,,,,,,,,,,,,,,,,,,,,,,,,,,,,,,,,,,,,,,,,,,,,,,,,,,,,,,,,,,,,,,,,,,,,,,,,,,,,,,,,,,,,
Feature,node/4223952443,,Trà Vinh,,,,,,Point,115.8628601,-31.9428984,node/4223952443,restaurant,vietnamese,149,Brisbane Street,,,,AU,,,,,,,,,,,,,,,,,,,,,,,,,,,,,,,,,,,,,,,,,,,,,,,,,,,,,,,,,,,,,,,,,,,,,,,,,,,,,,,,
Feature,node/4252916831,yes,Alex Hotel,,+61 8 6430 4000,74,hotel,https://alexhotel.com.au,Point,115.8596517,-31.9490968,node/4252916831,,,,,2026-01-30,,yes,,,,,,,,,,,,,,,,,,no,,,,,hello@alexhotel.com.au,,,,,,,,,,,,,yes,,,,,,,,,,,,,,,,,,,,,,,,,,,,,,,,,,,,,,,,,,,,,
Feature,node/4252916832,,Bivouac,,+61 8 9227 0883,,,https://bivouac.com.au/,Point,115.8593342,-31.9493161,node/4252916832,restaurant,,,,,,,,,,,,,,,,Tu-Sa 12:00+,,,,,,,yes,no,,,,,,,,,,,,,,,,mediterranean,,,,,,,,,,,,,,,,,,,,,,,,,,,,,,,,,,,,,,,,,,,,,,,
Feature,node/4252916834,no,Govindas,,+61 8 9227 1684,,,,Point,115.8592775,-31.9493942,node/4252916834,restaurant,indian,194,William Street,,,,,,,,,,,,,Mo-Sa 11:30-19:30,,,,,,,,no,,,,,,,,,,,,,,,,,,,,,,,,,,,,,,,,,,,,,,,,,,,,,,,,,,,,,,,,,,,,,,,
Feature,node/4252916836,,Sauma,,+61 8 9227 8682,,,https://www.sauma.com.au/,Point,115.8593869,-31.9492286,node/4252916836,restaurant,indian,200,William Street,,,,,,,,,,,,,Tu-We 17:00-22:30; Th-Su 11:30-22:30,,,,,,,,,,,,,eat@sauma.com.au,,,,,,,,,,,,,,,,,,,,,,,,,,,,,,,,,,,,,,,,,,,,,,,,,,,,,,,,,,
Feature,node/4252916837,,Shadow Wine Bar,,+61 8 6430 4010,,,https://www.shadowwinebar.com.au/,Point,115.8596024,-31.9488638,node/4252916837,restaurant,,214,William Street,,,,,,,,,,,,,Mo-Fr 12:00+; Sa-Su 10:00+,,,,,,,,,,,,,hello@shadowwinebar.com.au,,,,,,,,,,,,,,,,,,,,,,,,,,,,,,,,,,,,,,,,,,,,,,,,,,,,,,,,,,
Feature,node/4337423824,,Yod's Thai Cafe,,,,,,Point,115.8576137,-31.9381491,node/4337423824,cafe,thai,,,,,,,,,,,,,,,,,,,,,,,,,,,,,,,,,,,,,,,,,,,,,,,,,,,,,,,,,,,,,,,,,,,,,,,,,,,,,,,,,,,,,,
Feature,node/4348225110,,Ribs & Burgers,,,,,,Point,115.8582016,-31.9517847,node/4348225110,restaurant,burger,,,2023-03-08,,,,,,,,,,,,,,,,,,,,,,,,,,,,,,,,,,,,,,,,,,,,,,,,,,,,,,,,,,,,,,,,,,,,,,,,,,,,,,,,,,,
Feature,node/4393666790,,Health Freak Cafe,,,,,,Point,115.8466397,-31.956381,node/4393666790,cafe,,,,,,,,,,,,,,,,,,,,,,,,,,,,,,,,,,Health Freak Cafe,,,,,,,,,,,,,,,,,,,,,,,,,,,,,,,,,,,,,,,,,,,,,,,,,,,,,
Feature,node/4428474792,,Emma's Cafe Delight,,,,,,Point,115.8627279,-31.9468308,node/4428474792,cafe,,,,,,,,,,,,,,,,,,,,,,,,,,,,,,,,,,Emma's Cafe Delight,,,,,,,,,,,,,,,,,,,,,,,,,,,,,,,,,,,,,,,,,,,,,,,,,,,,,
Feature,node/4476109855,,Bam Bam Boo,,,,,,Point,115.85834,-31.9519612,node/4476109855,restaurant,chinese,140,William Street,2023-03-08,,,,6000,Perth,,,,,,,Mo-Th 11:00-20:00; Fr 11:00-21:00; Sa 11:00-20:30; Su 11:00-16:00,,25,,,,,,,,,,yes,,,,,,,,,,,,,,,yes,Deliveroo,,,,,,,,,,,,,,,,,,,,,,,,,,,,,,,,,,,,,,,,,,,
Feature,node/4476119983,,Livingstone's Urban Jungle,,,,,,Point,115.8606527,-31.9501963,node/4476119983,cafe,local,Pod 2,Perth Cultural Centre,,,yes,,6000,Perth,,,,,,,Mo-Fr 06:30-16:00; Sa 09:00-16:00; Su 10:00-16:00,,,,,,,,no,,,,,,,,,,,,,,,,,,,,,,,,,,,,,,,,,,,,,,,,,,,,,,,,,,,,,,,,,,,,,,,
Feature,node/4476334593,,The East Village,,,,,,Point,115.8580416,-31.952176,node/4476334593,restaurant,american,140,William Street,,,,,6000,Perth,,,,,,,Mo-Su 07:00-22:00,,,,,,,,no,,,,yes,,,0,,,,,,,,,,,,,,,,,,,,,,,,,,,,,,,,,,,,,,,,,,,,,,,,,,,,,,,,
Feature,node/4646406895,,Taka's Kitchen,,,,,,Point,115.8614237,-31.9525596,node/4646406895,restaurant,japanese,,,,,,,,,,,,,,,"Mo,Tu,Th,Sa 11:00-19:00; Fr 11:00-20:00; We,Su off",,,,,,,,,,,,,,,,,,,,,,,,,,,,,,,,,,,,,,,,,,,,,,,,,,,,,,,,,,,,,,,,,,,,,,,
Feature,node/4718879767,,Annalakshmi on the Swan,,+61 8 9221 3003,,,www.annalakshmi.com.au,Point,115.8574121,-31.9596238,node/4718879767,restaurant,,,Barrack Square,,,,,,,,,,,,,"Mo-Su 12:00-14:00,18:00-21:00",,,,,,,,,,,,,,,,,,,,,,,,,,,,,needs_survey,Jetty 4,,,,,,,,,,,,,,,,,,,,,,,,,,,,,,,,,,,,,,,,,
Feature,node/4735957478,yes,Parmelia Hilton Perth,,+61 8 9215 2000,284,hotel,https://www.hilton.com/en/hotels/perhitw-parmelia-hilton-perth/,Point,115.8529648,-31.9545586,node/4735957478,,,14,Mill Street,2024-07-17,,yes,,6000,Perth,,Hilton,Q598884,en:Hilton Hotels & Resorts,,,,,,,,,,,outside,,,yes,,perth@hilton.com,,,,,,,,,,,Hilton,https://www.facebook.com/ParmeliaHilton,,,,,,https://www.instagram.com/parmeliahilton,https://twitter.com/parmeliahilton,+61 8 9215 2001,5,,,,,,,,,,,,,,,,,,,,,,,,,,,,,,,,,,,,,
Feature,node/4774711567,,The Coffee Club,,+61 8 6459 3701,,,https://www.coffeeclub.com.au/,Point,115.8680213,-31.958337,node/4774711567,cafe,coffee_shop,226,Adelaide Terrace,2025-06-28,,no,AU,6000,Perth,yes,The Coffee Club,Q7726599,en:The Coffee Club,,,Mo-Fr 07:00-15:00; Sa-Su 07:30-15:00,,,,,,,yes,no,,WA,,yes,,,,,,,,,,,,,,,,,,,,,,,https://coffeeclub.com.au/pages/menu,,,,,,,,,,,,,,,,,,,,,,,,,,,,,,,,,,,,
Feature,node/4788724036,,Gami,,,,,,Point,115.8533923,-31.9519423,node/4788724036,restaurant,,,,,,,,,,,,,,,,,,,,,,,,,,,,,,,,,,Gami,,,,,,,,,,,,,,,,,,,,,,,,,,,,,,,,,,,,,,,,,,,,,,,,,,,,,
Feature,node/4788747439,no,Sushikaze,,+61 431 046 040,,,,Point,115.8609633,-31.9545551,node/4788747439,restaurant,japanese,580,Hay Street,2026-01-30,,yes,,,,yes,,,,,,Mo-Sa 11:30-20:00; Su 11:30-15:00,,,,,,no,no,,,,,yes,sushikazeperth@gmail.com,G,0,no,,,,,no,no,,,,,yes,,,,,,,,,yes,,,,,,,,,,,,,,,,,,,,,,,,,,,,,,,,,,,
Feature,node/4789300822,,Took Be Gi,,,,,,Point,115.861964,-31.9549807,node/4789300822,restaurant,,,,,,,,,,,,,,,,,,,,,,,,,,,,,,,,,,Took Be Gi,,,,,,,,,,,,,,,,,,,,,,,,,,,,,,,,,,,,,,,,,,,,,,,,,,,,,
Feature,node/5001501323,,Sayers Sister,,,,,,Point,115.8616447,-31.9404711,node/5001501323,cafe,coffee_shop,,,2023-07-16,,,,,,,,,,,,,,,,,,,yes,,,,,,,,,,,Sayers Sister,,,,,,,,,,,,,,,,,,,,,,,,,,,,,,,,,,,,,,,,,,,,,,,,,,,,,
Feature,node/5068984522,wlan,Le Vietnam,,,,,,Point,115.8606176,-31.9541942,node/5068984522,restaurant,sandwich;vietnamese,80,Barrack Street,2025-09-15,,yes,,,,,,,,,,"Mo-Fr 10:00-15:00; Sa-Su,PH off",,,yes,yes,yes,,yes,,,,,yes,,,0,,,,,,,,,,,,,,,,,,,,,,,,,,,,,,,,,,,,,,,,,,,,,,,,,,,,,,,,
Feature,node/5209847345,wlan,Juice Station,,+61 8 6153 3969,,,https://www.juicestation.com.au/,Point,115.858795,-31.9551105,node/5209847345,cafe,,,London Court,,,yes,,,,,,,,,,"Mo-Fr 09:00-17:30; Sa,Su 11:00-17:30",,48,,,,,yes,no,,,no,,info@juicestation.com.au,,0,,,,,,,,,,,,,,,,,,,,,,,,,,,,,,,,,,,,,,,,,,,,,,,,,,,,,,,,
Feature,node/5265143424,,OMG Coffee & Toastie,,,,,,Point,115.8621524,-31.95577,node/5265143424,cafe,,,,,,,,,,,,,,,,,,,,,,,,,,,,,,,,,,,,,,,,,,,,,,,,,,,,,,,,,,,,,,,,,,,,,,,,,,,,,,,,,,,,,,,
Feature,node/5272051021,,Pizza Hut,,,,,,Point,115.8619723,-31.9540552,node/5272051021,restaurant,pizza,101,Murray Street,,,,,,,,Pizza Hut,Q191615,en:Pizza Hut,,,,,,,,,,,,,,,,,,,,,,,,,,,,,,,,,,,,,,,,1300 749 924,,,,,,,,,,,,,,,,,,,,,,,,,,,,,,,,,,
Feature,node/5311678961,wlan,ibis Perth,,+61 8 9322 2844,,hotel,https://www.accorhotels.com/gb/hotel-1773-ibis-perth/,Point,115.85576,-31.9516758,node/5311678961,,,334,Murray Street,,,,AU,6000,Perth,,Ibis,Q920166,en:Ibis (hotel),,,,,,,,,,,,,,no,,,,,,,,,,,,,,,,,,,,,,,,,,,,,,,,,,,,,,,,,,,,,,,,,,,,,,,,,,,,
Feature,node/5311679372,,Afro Authentic,,,,,,Point,115.8550447,-31.9519449,node/5311679372,restaurant,coffee_shop;african,49,King Street,2025-06-13,,,,6000,Perth,,,,,,,,,,,,,,,,,WA,,,,,,,,,,,,,,,,,,,,,,,,,,,,,,,,,,,,,,,,,,,,,,,,,,,,,,,,,,,,,
Feature,node/5311679375,,Rubix,,,,,,Point,115.8555642,-31.9516826,node/5311679375,restaurant,,,,,,,,,,,,,,,,,,,,,,,,,,,,,,,,,,,,,,,,,,,,,,,,,,,,,,,,,,,,,,,,,,,,,,,,,,,,,,,,,,,,,,,
Feature,node/5315791232,,Tiisch,,,,,,Point,115.8518321,-31.9516654,node/5315791232,cafe,,,,2023-12-13,,,,,,,,,,,,,,,,,,,,,,,,,,,,,,,,,,,,,,,,,,,,,,,,,,,,,,,,,,,,,,,,,,,,,,,,,,,,,,,,,,,
Feature,node/5315952892,,Market Grounds,,+61 8 6148 5600,,,https://www.marketgrounds.com.au/,Point,115.855594,-31.949454,node/5315952892,restaurant,,,,,,,,,,,,,,,,Mo-Su 11:00+,,,,,,,yes,,,,,,info@marketgrounds.com.au,,,,,,,,,,,,,,,,,,,,,,,,,,,,,,,,,,,,,,,,,,,,,,,,,,,,,,,,,,
Feature,node/5315953093,,Ippudo,,,,,,Point,115.855926,-31.9498338,node/5315953093,restaurant,ramen,,,,,,,,,,Ippudo,Q6065417,,+61 8 9324 2575,https://stores.ippudo.com/en_au/AU006,"Mo-Th 11:30-14:00,17:00-20:00; Fr-Su 11:30-15:00,17:00-20:30",,,,,,,,,,,,,,,,,,Ippudo,,,,,,,,,,,needs_survey,AU006,,,,,,,,Ippudo,一風堂,一風堂,,,,,,,,,,,,,,,,,,,,,,,,,,,,,,,
Feature,node/5318089409,,AGWA Cafe and Bar,,,,,,Point,115.8606478,-31.9504669,node/5318089409,cafe,,,,,,yes,,,,,,,,,,"Mo,We-Fr 10:00-17:00; Sa,Su 10:00-17:00",,,,,,,,no,,,,,,,,,,,,,,,,,,,,,,,,,,,,,,,,,,,,,,,,,,,,,,,,,,,,,,,,,,,,,,,
Feature,node/5318091387,,La Veen,,,,,,Point,115.8556205,-31.9506811,node/5318091387,cafe,,,,,yes,limited,,,,,,,,,https://laveencoffee.com.au/,,,,,,,,yes,,,,,yes,,,,,,,,,,,,,,,,,,,,,,,,,,,,,,,,,,,,,,,,,,,,,,,,,,,,,,,,,,,
Feature,node/5319760222,,,,,,,,Point,115.8410839,-31.9648446,node/5319760222,restaurant,,,,,,,,,,,,,,,,,,,,,,,,,,,,,,,,,,,,,,,,,,,,,,,,,,,,,,,,,,,,,,,,,,,,,,,,,,,,,,,,,,,,,,,
Feature,node/5353880226,,Cafe Fresh,,,,,,Point,147.1768542,-41.5790024,node/5353880226,restaurant,,,,,,,,,,,,,,,,,,,,,,,,,,,,,,,,,,,,,,,,,,,,,,,,,,,,,,,,,,,,,,,,,,,,,,,,,,,,,,,,,,,,,,,
Feature,node/5671339122,,Ivy & Jack,,,,,,Point,115.8561165,-31.9530597,node/5671339122,restaurant,,,William Street,2025-04-14,,,,,,,,,,,,,,,yes,yes,yes,,,,,,,,,,,,,,,,,,,,,,,,,,,,,,,,,,,,,,,,,,,,,,,,,,,,,,,,,,,,,,,,,,
Feature,node/6288372985,,Presotea,,,,,,Point,115.8573406,-31.9517025,node/6288372985,cafe,,,,,,,,,,,,,,,,Sa-Th 11:00-18:00; Fr 11:00-20:00,,,,,,,,,,,,,,,,,,,,,,,,,,,,,,,,,,,,,,,,,,,,,,,,,,,,,,,,,,,,,,,,,,,,,,,
Feature,node/6460953570,,C Restaurant,,+61 8 9220 8333,,,https://www.crestaurant.com.au/,Point,115.8593336,-31.9550479,node/6460953570,restaurant,french,44,St Georges Terrace,,,,AU,6000,Perth,yes,,,,,,,,,,,,,no,no,,WA,,,,33,33,yes,,,,,,,,,,,,,,,,,,,https://www.crestaurant.com.au/menus/,,,,,,recommended,Q14935785,en:C Restaurant,,,,,,,,,,,,,,,,,,,,,,,,,,,,
Feature,node/6544768626,,,,,,,https://www.pretzelaustralia.com.au/,Point,115.8599924,-31.9493898,node/6544768626,cafe,,,,,,,,,,,,,,,,,,,,,,,,,,,,,,,,,,,,,,,,,,,,,,,,,,,,,,,,,,,,,,,,,,,,,,,,,,,,,,,,,,,,,,,
Feature,node/6556446235,,Presotea,,,,,,Point,115.8603127,-31.9541799,node/6556446235,cafe,,81,Barrack Street,2025-04-22,,,,,,,,,,,,,,,,,,,,,,,,,,,,,,,,,,,,,,,,,,,,,,,,,,,,,,,,,,,,,,,,,,,,,,,,,,,,,,,,,,,
Feature,node/6621576185,,offshoot,,,,,,Point,115.8637525,-31.9556792,node/6621576185,cafe,,480,Hay Street,,,,,6000,,,,,,,,Mo-Fr 07:00-15:00,,Shop 2,,,,,,,,WA,,,,,,,,,,,,,,,,,,,,,,,,,,,,,,,,,,,,,,,,,,,,,,,,,,,,,,,,,,,,,
Feature,node/6622407287,,Short Order Burger Co,,,,,,Point,115.8555252,-31.9529779,node/6622407287,restaurant,burger,,,,,,,,,,,,,,,Mo-Su 11:00-21:00,,,,,,,,,,,,,,,,,,,,,,,,,,,,,,,,,,,,,,,,,,,,,,,,,,,,,,,,,,,,,,,,,,,,,,,
Feature,node/6625224886,,Sush Asaka,,,,,,Point,115.8544035,-31.9534086,node/6625224886,restaurant,sushi;japanese,,,2025-11-07,,,,,,,,,,,,,,,,,,,,,,,,,,,,,,,,,,,,,,,,,,,,,,,,,,,,,,,,,,,,,,,,,,,,,,,,,,,,,,,,,,,
Feature,node/6625224887,,Velvet Coffee,,,,,,Point,115.8543697,-31.953478,node/6625224887,cafe,,,,,,,,,,,,,,,,,,,,,,,,,,,,,,,,,,,,,,,,,,,,,,,,,,,,,,,,,,,,,,,,,,,,,,,,,,,,,,,,,,,,,,,
Feature,node/6690582414,,HiThai,,,,,,Point,115.8548012,-31.9550042,node/6690582414,restaurant,,,,,,,,,,,,,,,,Mo-Su 10:00-15:00,,,,,,,,,,,,,,,,,,,,,,,,,,,,,,,,,,,,,,,,,,,,,,,,,,,,,,,,,,,,,,,,,,,,,,,
Feature,node/6789578585,,RoyAl's,,,,,,Point,115.8602795,-31.9478191,node/6789578585,restaurant,,,,,,,,,,,,,,,,,,,,,,,,,,,,,,,,,,,,,,,,,,,,,,,,,,,,,,,,,,,,,,,,,,,,,,,,,,,,,,,,,,,,,,,
Feature,node/6796678513,,Hifumiya,,,,,,Point,115.8624223,-31.9536103,node/6796678513,restaurant,udon;japanese,100-104,Murray Street,,,limited,,6000,Perth,,,,,+61 8 9221 9462,http://hifumiya.com.au/,Mo-Fr 11:00-15:00; Sa 11:00-16:00; Su 11:00-17:00; PH off,,,,,,,no,no,,WA,,no,,,,,,,,,,,,,,,no,,,,hifumiyaudonnoodle,,,,,,,,,,,,,50,,,,,,,,,,,,,,,,,,,,,,,,,,,
Feature,node/6917331196,,Maximilian Dining Lounge,,,,,,Point,-76.2480554,44.8989254,node/6917331196,restaurant,,,,2025-09-05,,,,,,,,,,,,,,,,,,,,,,,,,,,,,,,,,,,,,,,,,,,,,,,,,,,,,,,,,,,,,,,,,,,,,,,,,,,,,,,,,,,
Feature,node/6918436234,,North Folk Cafe,,,,,,Point,-76.2511172,44.9014324,node/6918436234,cafe,,,,,,,,,,,,,,,,,,,,,,,,,,,,,,,,,,,,,,,,,,,,,,,,,,,,,,,,,,,,,,,,,,,,,,,,,,,,,,,,,,,,,,,
Feature,node/6918513209,,The Locks Perth,,,,,,Point,-76.2524262,44.8996987,node/6918513209,restaurant,,,,,,,,,,,,,,,,,,,,,,,,,,,,,,,,,,,,,,,,,,,,,,,,,,,,,,,,,,,,,,,,,,,,,,,,,,,,,,,,,,,,,,,
Feature,node/6923875322,,Nando's,,,,,https://www.nandos.com.au/,Point,115.8580432,-31.9515675,node/6923875322,restaurant,chicken;portuguese,,,2023-03-08,,,AU,,,,Nando's,Q3472954,en:Nando's,,,,,,,,,,,,,WA,,yes,,,,,,,,,,,,,,,,,,,,,,,,,,,,,,,,,,,,,,,,,,,,,,,,,,,,,,,,,,,
Feature,node/6929336599,,Polly,,,,,,Point,115.8609934,-31.9498491,node/6929336599,cafe,,,,,,,,,,,,,,,,,,,,,,,,,,,,,,,,,,,,,,,,,,,,,,,,,,,,,,,,,,,,,,,,,,,,,,,,,,,,,,,,,,,,,,,
Feature,node/6929398203,,Shots,,,,,,Point,115.8622587,-31.9555113,node/6929398203,cafe,,,,,,,,,,,,,,,,,,,,,,,,,,,,,,,,,,,,,,,,,,,,,,,,,,,,,,,,,,,,,,,,,,,,,,,,,,,,,,,,,,,,,,,
Feature,node/6929398204,,Saint Larry Café,,,,,https://cathedral-square.com.au/businesses/saint-larry-cafe/,Point,115.8611121,-31.9551892,node/6929398204,cafe,,,,,,,,,,,,,,,,,,,,,,,,,,,,,,,,,,,,,,,,,,,,,,,,,,,,,,,,,,,,,,,,,,,,,,,,,,,,,,,,,,,,,,,
Feature,node/6929398205,,Croissant Express,,,,,,Point,115.8619987,-31.9550759,node/6929398205,cafe,,,,,,,,,,,,,,,,,,,,,,,,,,,,,,,,,,,,,,,,,,,,,,,,,,,,,,,,,,,,,,,,,,,,,,,,,,,,,,,,,,,,,,,
Feature,node/6960800948,,Thomasino's,,,,,,Point,-76.2538156,44.9016613,node/6960800948,restaurant,pizza,,,,,,,,,,,,,,,,,,,,,,,,,,,,,,,,,,,,,,,,,,,,,,,,,,,,,,,,,,,,,,,,,,,,,,,,,,,,,,,,,,,,,,
Feature,node/6988797652,,La Veen,,,,,,Point,115.8571108,-31.9519362,node/6988797652,cafe,,,,2023-03-08,,,,,,,,,,,,,,,,,,,,,,,,,,,,,,,,,,,,,,,,,,,,,,,,,,,,,,,,,,,,,,,,,,,,,,,,,,,,,,,,,,,
Feature,node/6988802659,,The Shoe Bar and Cafe,,,,,,Point,115.8583192,-31.9506155,node/6988802659,cafe,coffee_shop,,,2025-07-04,,yes,,,,,,,,,,,,,,,,,yes,,,,,yes,,,0,yes,,,,no,,,,,,,,,,,,,,,,,,,,,,,,,,,,,,,,,,,,,,,,,,,,,,,,,,,
Feature,node/6989155532,,Edosei,,,,,,Point,115.8605284,-31.9544165,node/6989155532,restaurant,japanese,,,,,,,,,,,,,,,,,,,,,,,,,,,,,,,,,,,,,,,,,,,,,,,,,,,,,,,,,,,,,,,,,,,,,,,,,,,,,,,,,,,,,,
Feature,node/6989155533,no,Namoo Korean Restaurant,,,,,,Point,115.8605714,-31.9543062,node/6989155533,restaurant,korean,,,2025-09-15,,,,,,,,,,,,Mo-Th 17:00-22:00; Fr 11:30-14:00; Sa 17:00-23:00; Su off,,,yes,yes,yes,,,,,,,,,,0;1,,,,,,,,,,,,,,,,,,,,,,,,,,,,,,,,,,,,,,,,,,,,,,,,,,,,,,,,
Feature,node/6989261066,,Hearth,,,,,,Point,115.8578532,-31.9581569,node/6989261066,restaurant,,,,2022-10-16,,,,,,,,,,,,,,,,,,,,,,,,,,,,,,,,,,,,,,,,,,,,,,,,,,,,,,,,,,,,,,,,,,,,,,,,,,,,,,,,,,,
Feature,node/7135690206,no,Sushi Hub,,,,,,Point,115.8574996,-31.9528737,node/7135690206,restaurant,sushi;japanese,,,2026-02-03,,yes,,,,yes,,,,,,,,,,,,no,,,,,,,,G,0,,,,no,,,,,,,,,,,,,,,,,,,,,,,,,,no,,,,,,,,,,,,,,,,,,,,,,,,,,
Feature,node/7883110689,,The Wolf,,,,,,Point,115.8556714,-31.9525556,node/7883110689,cafe,,800,Hay Street,2025-11-12,,,,6000,,,,,,,,,,6,,,,,,,Arcade 800,,,,,,,,,,,,,,,,,,,,,,,,,,,,,,,,,,,,,,,,,,,,,,,,,,,,,,,,,,,,,,
Feature,node/8147991282,,Balti Indian restaurant,,,,,,Point,115.8652722,-31.9574237,node/8147991282,restaurant,,2,St Georges Terrace,2025-07-18,,,,,,,,,,,,,,,,,,,,,,,,,,,,,,,,,,,,,,,,,,,,,,,,,,,,,,,,,,,,,,,,,,,,,,,,,,,,,,,,,,,
Feature,node/8148061516,,Hyde Perth Kitchen + Cocktails,,+61 8 6371 1001,,,https://www.sbe.com/nightlife/hyde/perth,Point,115.8527132,-31.9519888,node/8148061516,restaurant,,900,Hay Street,,,,AU,6000,Perth,,,,,,,Th-Sa 15:00-22:00,,,,,,,,,,WA,,,events@hydeperth.com,,1,,,,,,,,,,,,,,,,,,,,,,,,,,yes,,,,,,,,,,,,,,,,,,,,,,,,,,,,,,
Feature,node/8148075754,,Peoples Inn Dumpling House,,+61 8 9202 1851,,,,Point,115.8674277,-31.9571779,node/8148075754,restaurant,asian,,,,,,,,,,,,,,,"Mo-Sa 11:00-16:00,17:00-21:00",,,,,,,,,,,,,,,,,,,,,,,,,,,,,,,,,,,,,,,,,,,,,,,,,,,,,,,,,,,,,,,,,,,,,,,
Feature,node/8148077750,,Rolls at 996,,+61 452 481 795,,,,Point,115.8501044,-31.9512392,node/8148077750,restaurant,vietnamese,996,Hay Street,,,,AU,6000,Perth,,,,,,,Mo-Fr 08:00-15:00,,2,,,,,,,,WA,,,,,,,,,,,,,,,,,,,,,,,,,,,,,,,,,,,,also a cafe,,,,,,,,,,,,,,,,,,,,,,,,,
Feature,node/8148090499,,The Asian Mint Cafe,,+61 8 9221 2988,,,,Point,115.8685581,-31.9572016,node/8148090499,restaurant,asian,,,,,,,,,,,,,,,,,,,,,,,,,,,yes,,,,,,,,,,,,,,,,,,,,,,,,,,,,,,,,,,,,,,,,,,,,,,,,,,,,,,,,,,,
Feature,node/8148094974,,Nine Marys Indian Restaurant,,+61 8 9226 4251,,,http://www.9marys.com/,Point,115.8518764,-31.9519586,node/8148094974,restaurant,indian,921,Hay Street,,,,AU,6000,Perth,,,,,,,"Mo-Fr 11:30-14:30,17:30-21:30",,,,,,,,,,WA,,,9marysperth@gmail.com,,,,,,,,,,,,,,,,,,,,,,,,,,,,yes,,,,,,,,,,,,,,,,,,,,,,,,,,,,,,
Feature,node/8148108763,,Ramen Keisuke Tonkotsu King,,,,,https://www.melbournehotel.com.au/keisuke.html,Point,115.8513592,-31.9516294,node/8148108763,restaurant,,33,Milligan Street,,,,,,,,,,,,,"11:00-14:30,17:30-20:30",,,,,,,,,,,,,,,,,,,,,,,,,,,,,,,,,,,,,,,,,,,,,,,,,,,,,,,,,,,,,,,,,,,,,,,
Feature,node/8148115032,,Toku Shushi,,,,,,Point,115.8499905,-31.9512043,node/8148115032,restaurant,japanese,996,Hay Street,,,,AU,6000,Perth,,,,,,,Mo-Fr 10:00-15:00,,1,,,,,,,,WA,,,,,,,,,,,,,,,,,,,,,,,,,,,,,,,,,,,,,,,,,,,,,,,,,,,,,,,,,,,,,
Feature,node/8148122936,,Just Eat,,,,,,Point,115.8493878,-31.951276,node/8148122936,cafe,,999,Hay Street,,,,,,,,,,,,,,,,,,,,,,,,,,,,,,,,,,,,,,,,,,,,,,,,,,,,,,,,,,,,,,,,,,,,,,,,,,,,,,,,,,,,
Feature,node/8148139342,yes,Cespresso CBD West,,+61 8 9226 2006,,,,Point,115.8503468,-31.9512729,node/8148139342,restaurant,,996,Hay Street,,,,AU,6000,Perth,,,,,,,Mo-Fr 06:00-17:00; Sa 07:00-12:00,,5,,,,,,,,WA,,yes,,,,,,,,,,,,,,,yes,,,,,,,,,,,,,,,,,,,,,,,,,,,,,,,,,,,,,,,,,,,,
Feature,node/8148140812,,Mr. Sandwich,,,,,,Point,115.8501881,-31.9512582,node/8148140812,cafe,,996,Hay Street,,,,AU,6000,Perth,,,,,,,Mo-Fr 07:00-15:30,,3,,,,,,,,WA,,,,,,,,,,,,,,,,,,,,,,,,,,,,,,,,,,,,,,,,,,,,,,,,,,,,,,,,,,,,,
Feature,node/8166950508,no,Epoch Museum Cafe,,,,,,Point,115.8623656,-31.9495431,node/8166950508,cafe,,,,2026-02-02,,limited,,,,,,,,,,07:00-15:30,,,,,,,no,,,,,,,G,0,,,,,no,,,,,,,,,,,,,,,,,,,,,,,,,,,,,,,,,,,,,,,,,,,,,,,,,,,
Feature,node/8347156757,,Eat House,,,,,,Point,115.8554301,-31.9497521,node/8347156757,restaurant,,,,,,,,,,,,,,,,,,,,,,,,,,,,,,,,,,,,,,,,,,,,,,,,,,,,,,,,,,,,,,,,,,,,,,,,,,,,,,,,,,,,,,,
Feature,node/8531020827,,Samuels on Mill,,+61 8 9215 2422,,,https://www.samuelsonmill.com/,Point,115.8529384,-31.9543676,node/8531020827,restaurant,international;western_australian,14,Mill Street,,,,,6000,Perth,,,,,,,"Mo-Fr 06:30-10:00, Sa,Su,PH 07:00-10:30, Mo-Fr 11:00-21:30, Sa,Su,PH 17:00-21:30",,,,,,,,,,WA,,,samuelsonmill@hilton.com,,,,,,,,,,,,https://www.facebook.com/SamuelsOnMill,,,,,,https://www.instagram.com/samuels_on_mill/,,,,,,,,,,,,,,,,yes,yes,yes,yes,,,,,,,,,,,,,,,,,,,,,
Feature,node/8859333157,,Public House,,+61 8 6117 0675,,,https://www.publichouseperth.com.au/,Point,115.8653898,-31.9580263,node/8859333157,restaurant,chicken_parmigiana;burger;pizza,263,Adelaide Terrace,,,,,6000,Perth,,,,,,,"Tu-Th 10:00-22:00, Fr 10:00-00:00, Sa 15:00-00:00",,,,,,,,,,WA,,,,,0,,,,,,,,,,,,,,,,,,,,,,,,,,,,,,,,,,,,,,,,,,,,,,,,,,,,,,,,
Feature,node/8859333158,,Duxton Hotel Perth,,,,hotel,,Point,115.8648265,-31.9579376,node/8859333158,,,1,St Georges Terrace,2024-05-11,,,,6000,Perth,,,,,,,,,,,,,,,,,WA,,,,,,,,,,,,,,,,,,,,,,,,,,,,,,,,,,,,,,,,,,,,,,,,,,,,,,,,,,,,,
Feature,node/8859333159,,Firewater Grille,,+61 8 9261 8025,,,,Point,115.8649445,-31.9578852,node/8859333159,restaurant,,1,St Georges Terrace,,,,,6000,Perth,,,,,,,Mo-Su 06:30-22:00,,,,,,,,,,WA,,,,,,,,,,,,,,,,,,,,,,,,,,,,,,,,,,,,,,,,,,,,,,,,,,,,,,,,,,,,,
Feature,node/9576620063,,Peasants Paradice,,+61 8 6113 8959,,,https://peasantsparadice.com/,Point,115.8608172,-31.9420112,node/9576620063,restaurant,,,,,,,,,,,,,,,,We-Th 12:00-21:00; Fr-Sa 12:00-22:00; Su 10:00-21:00,,,,,,,,,,,,,,,,,,,,,,,,,https://www.facebook.com/peasantsparadice/,,,,,,,,,,,,,,,,,,,,,,,,,,,,,,,,,,,,,,,,,,,,,,
Feature,node/9882348017,,Circles Xpresso,,,,,,Point,115.858039,-31.9372597,node/9882348017,cafe,,,,,,,,,,,,,,,,,,,,,,,,,,,,,,,,,,,,,,,,,,,,,,,,,,,,,,,,,,,,,,,,,,,,,,,,,,,,,,,,,,,,,,,
Feature,node/9882392317,,Boo Too,,,,,,Point,115.8597182,-31.9390624,node/9882392317,cafe,,,,,,,,,,,,,,,,,,,,,,,,,,,,,,,,,,,,,,,,,,,,,,,,,,,,,,,,,,,,,,,,,,,,,,,,,,,,,,,,,,,,,,,
Feature,node/10104736836,,Six Senses,,,,,,Point,115.8573575,-31.9592141,node/10104736836,restaurant,thai,,,2022-10-16,,,,,,,,,,,,,,,,,,,,,,,,,,,,,,Six Senses,,,,,,,,,,,,,,,,,,,,,,,,,,,,,,,,,,,,,,,,,,,,,,,,,,,,,
Feature,node/10187259253,,99 Shades of Green,,,,,,Point,115.8556932,-31.9546475,node/10187259253,cafe,coffee_shop;juice;salad;breakfast;sandwich,,,2025-05-05,,yes,,,,,,,,,,Mo-Fr 06:00-15:30; Sa-Su off,,,,,,,yes,,,,,,,,,,,,,,,,,,,,,,,,,,,,,,,,,,,,,,,,,,,,yes,yes,,,,,,,,,,,,,,,,,,,
Feature,node/10220851256,,Oyster Bar Elizabeth Quay,V Burger Bar,+61 8 9225 4860,,,https://www.oysterbar.com.au/elizabeth-quay,Point,115.856283,-31.9572572,node/10220851256,restaurant,seafood,,,,,,,,,,,,,,,Mo-Su 11:00+,,,,,,,,,,,,,,,,,,,,,,,,,,,,,,,,,,,,,,,,,,,,,,,,,,,,,,,,,,,,,,,,,,,,,,,
Feature,node/10720788729,,Furaibo,,,,,,Point,115.8577724,-31.9516328,node/10720788729,restaurant,,,,2023-03-08,,,,,,,,,,,,,,,,,,,,,,,,,,,,,,,,,,,,,,,,,,,,,,,,,,,,,,,,,,,,,,,,,,,,,,,,,,,,,,,,,,,
Feature,node/10720788730,,Italian Street Kitchen,,,,,,Point,115.8576746,-31.9518103,node/10720788730,restaurant,italian,,,2023-03-08,,,,,,,,,,,,,,,,,,,,,,,,,,,,,,,,,,,,,,,,,,,,,,,,,,,,,,,,,,,,,,,,,,,,,,,,,,,,,,,,,,,
Feature,node/10720788733,,Hunter & Barrel,,,,,https://hunterandbarrel.com/au/,Point,115.8576455,-31.9518817,node/10720788733,restaurant,,,,2023-03-08,,,,,,,,,,,,,,,,,,,,,,,,,,,,,,,,,,,,,,,,,,,,,,,,,,,,,,,,,,,,,,yes,,,yes,,,,,,,,,,,,,,,,,,
Feature,node/10720788737,,Croff Bakehouse,,,,,,Point,115.8574154,-31.9518155,node/10720788737,cafe,,,,2023-03-08,,,,,,,,,,,,,,,,,,,,,,,,,,,,,,,,,,,,,,,,,,,,,,,,,,,,,,,,,,,,,,,,,,,,,,,,,,,,,,,,,,,
Feature,node/10776930271,,Rubra on the Swan,,,,,,Point,115.8597369,-31.9594935,node/10776930271,cafe,,,,2023-04-01,,,,,,,,,,,,,,,,,,,,,,,,,,,,,,,,,,,,,,,,,,,,,,,,,,,,,,,,,,,,,,,,,,,,,,,,,,,,,,,,,,,
Feature,node/10892400972,,Meeting Place Kiosk,,,,,,Point,115.8602159,-31.9374318,node/10892400972,cafe,coffee_shop,,,2023-05-13,,,,,,,,,,,,,,,,,,,yes,,,,,,,,,,,,,,,,,,,,,,,,,,,,,,,,,,,,,,,,,,,,yes,yes,,,,,,,,,,,,,,,,,,,
Feature,node/10892539063,,Wines of While,,,,,,Point,115.8632117,-31.9431381,node/10892539063,restaurant,,,,2023-05-13,,,,,,,,,,,,,,,,,,,,,,,,,,,,,,,,,,,,,,,,,,,,,,,,,,,,,,,,,,,,,,,,,,,,,,,,,,,,,,,,,,,
Feature,node/10892627382,,T4 Tea For U,,,,,,Point,115.8610389,-31.9466213,node/10892627382,cafe,bubble_tea,312A,William Street,2024-05-17,,,,,,,T4,Q112123535,,,,,,,,,,,,,,,,yes,,,,,,,,,,,,,,,,,,,,,,,,,,,,,,,,,,,,,,,,,,T4 Tea House,,,,,,,,,,,,,,,,,
Feature,node/10961028545,,Espresso & Prosecco,,,,,http://espressoandprosecco.com.au,Point,115.8590263,-31.9543534,node/10961028545,cafe,,655,Hay Street Mall,2023-06-07,,,,,,,,,,,,,,,,,,,yes,,,,,,,,,,,,,,,,,,,,,,,,,,,,,,,,,,,,,,,,,,,,,,,,,,,,,,,,,,,,,,,,
Feature,node/10970191954,,Voodoo Coffee,,,,,,Point,115.8576423,-31.9512733,node/10970191954,cafe,,,,2025-12-10,,,,,,,,,,,,,,,,,,,,,,,,,,,,,,,,,,,,,,,,,,,,,,,,,,,,,,,,,,,,,,,,,,,,,,,,,,,,,,,,,,,
Feature,node/11002703162,,Finns Espresso,,,,,,Point,115.8593494,-31.9540076,node/11002703162,cafe,,,,2024-04-07,yes,yes,,,,,,,,,,Mo-Fr 07:00-15:00; Sa 08:00-15:00; Su 10:00-14:00; PH closed,,,,,,,,,,,,yes,,,,,,,,,,,,,,,,,,,,,,,,,,,,,,,,,,,,,,,,,,,,,,,,,,,,,,,,,,,
Feature,node/11002721297,,Coffee Club,,,,,,Point,115.8597231,-31.9523372,node/11002721297,cafe,,,,2026-01-07,,,,,,,,,,,,,,,,,,,,,,,,,,,,,,,,,,,,,,,,,,,,,,,,,,,,,,,,,,,,,,,,,,,,,,,,,,,,,,,,,,,
Feature,node/11036470398,,Source Foods,,+61 426 879 592,,,https://www.sourcefoods.com.au/,Point,115.8657958,-31.9442478,node/11036470398,cafe,,289,Beaufort Street,2026-02-04,yes,yes,,,,yes,,,,,,Mo-Sa 07:00-14:00; Su 07:30-14:00,,4,yes,yes,yes,,sidewalk,no,,,,,,,,yes,,,,,,,,,,,,,,,,,,,,,,,,,,,,,,,,,,yes,yes,yes,yes,,2026-02-04,2026-02-04,2026-02-04,2026-02-04,yes,,,,,,,,,,,,
Feature,node/11146280949,,Brika,,+61 455 321 321,,,https://brika.com.au/,Point,115.8655058,-31.9468854,node/11146280949,restaurant,greek,177,Stirling Street,2026-01-14,,yes,,6000,,,,,,,,"Tu-Th 17-21; Fr-Sa 11:30-14:30, 17-22",,3,,,,yes,yes,,,,,,info@brika.com.au,G,0,,,"""I Found""",,,,,,,,,yes,,,,,,,,,yes,,,,,,,,,,,,,,yes,,,yes,,,,,,,18,,,,,,,,,,,
Feature,node/11189977481,,Barrel House Eatery,,,,,,Point,115.862337,-31.9547376,node/11189977481,restaurant,barbecue,,,2023-09-13,,,,,,,,,,,,,,,,,,,,,,,,,,,,,,,,,,,,,,,,,,,,,,,,,,,,,,,,,,,,,,,,,,,,,,,,,,,,,,,,,,,
Feature,node/11281161251,,Baan Baan,,,,,,Point,115.8625588,-31.9467296,node/11281161251,restaurant,thai,,,2023-10-22,,,,,,,,,,,,,,,yes,,,,yes,,,,,,,,,yes,,,,,,,,,,,,,,,,,,,,,,,,,yes,,,,yes,,,,,,yes,yes,,,,,,,,,,,,,,,,,,,
Feature,node/11281161252,,Kung Fu Hotpot,,,,,,Point,115.8623967,-31.9470312,node/11281161252,restaurant,chinese,,,2023-10-22,,,,,,,,,,,,,,,,,,,,,,,,,,,,,,,,,,,,,,,,,,,,,,,,,,,,,,,,,,,,,,,,,,,,,,,,,,,,,,,,,,,
Feature,node/11281161253,,Endless Delight Chinese Cuisine,,,,,,Point,115.8621595,-31.9469205,node/11281161253,restaurant,chinese,,,2023-10-22,,,,,,,,,,,,,,,,,,,,,,,,,,,,,,,,,,,,,,,,,,,,,,,,,,,,,,,,,,,,,,,,,,,,,,,,,,,,,,,,,,,
Feature,node/11294631043,,Authentic Bites Dumpling House,,,,,,Point,115.8619783,-31.9468071,node/11294631043,restaurant,chinese,,,2023-10-22,,,,,,,,,,,,,,,,,,,,,,,,,,,,,,,,,,,,,,,,,,,,,,,,,,,,,,,,,,,,,,,,,,,,,,,,,,,,,,,,,,,
Feature,node/11294631045,,,,,,,,Point,115.862273,-31.946646,node/11294631045,cafe,italian,,,2023-10-22,,,,,,,,,,,,,,,,,,,,,,,,,,,,,,,,,,,,,,,,,,,,,,,,,,,,,,,,,,,,,,,,,,,,,,,,,,,,,,,,,,,
Feature,node/11407122734,,Gemini Cafe,,,,,,Point,115.858421,-31.9551548,node/11407122734,cafe,ice_cream;cake,66,St Georges Terrace,,,,,6000,Perth,,,,,,,,,,,,,,,,,WA,,,,,,,,,,,,,,,,,,,,,,,,,,,,,,,,,,,,,,,,,,,,,,,,,,,,,,,,,,,,,
Feature,node/11414443903,,Smooth Operator,,,,,,Point,115.8518486,-31.9516074,node/11414443903,cafe,,,,,,,,,,,,,,,,,,,,,,,,,,,,,,,,,,,,,,,,,,,,,,,,,,,,,,,,,,,,,,,,,,,,,,,,,,,,,,,,,,,,,,,
Feature,node/11418747823,,Tom's,,,,,,Point,115.8662321,-31.9443495,node/11418747823,cafe,,,,,,,,,,,,,,,,,,,,,,,,,,,,,,,,,,,,,,,,,,,,,,,,,,,,,,,,,,,,,,,,,,,,,,,,,,,,,,,,,,,,,,,
Feature,node/11748277618,,Teom Kitchen + Bakery,,,,,,Point,115.8522221,-31.9540864,node/11748277618,cafe,asian,,,,,,,,,,,,,,,,,,,,,,,,,,,,,,,,,,,,,,,,,,,,,,,,,,,,,,,,,,,,,,,,,,,,,,,,,,,,yes,yes,,,,,,,,,
Feature,node/11749905616,,Fine Asian Kitchen,,,,,,Point,115.8543404,-31.9535857,node/11749905616,restaurant,asian,,,,,,,,,,,,,,,,,,,,,,,,,,,,,,,,,,,,,,,,,,,,,,,,,,,,,,,,,,,,,,,,,,,,,,,,,,,,,,,,,,,,,,
Feature,node/11751903885,,Cafe 225,,,,,,Point,115.85174,-31.9536335,node/11751903885,cafe,,225,St Georges Terrace,,,,,6000,Perth,,,,,,,,,,,,,,,,,,,,,,,,,,,,,,,,,,,,,,,,,,,,,,,,,,,,,,,,,,,,,,,,,,,,,,,,,,,,,,
Feature,node/11752061215,,,,,,,,Point,115.8510286,-31.9523898,node/11752061215,cafe,,,,,,,,,,,,,,,,,,,,,,,,,,,,,,,,,,,,,,,,,,,,,,,,,,,,,,,,,,,,,,,,,,,,,,,,,,,,,,,,,,,,,,,
Feature,node/11752136177,,Schmears,,,,,,Point,115.8533768,-31.9530157,node/11752136177,cafe,sandwich,,,,,,,,,,,,,,,,,,,,,,,,,,,,,,,,,,,,,,,,,,,,,,,,,,,,,,,,,,,,,,,,,,,,,,,,,,,,,yes,yes,,,,,,,,
Feature,node/11789322086,,Teamorrow,,,,,,Point,115.8620071,-31.9445718,node/11789322086,cafe,bubble_tea,,,2024-04-05,,,,,,,,,,,,,,,,,,,,,,,,,,,,,,,,,,,,,,,,,,,,,,,,,,,,,,,,,,,,,,,,,,,,,,,,,,,,,,,,,,,
Feature,node/11789322088,,Lido Restaurant,,,,,,Point,115.8620534,-31.9443157,node/11789322088,restaurant,vietnamese,,,2024-04-05,,,,,,,,,,,,,,,,,,,,,,,,,,,,,,,,,,,,,,,,,,,,,,,,,,,,,,,,,,,,,,,,,,,,,,,,,,,,,,,,,,,
Feature,node/11799149749,,Trackside Bakery,,,,,https://www.tracksidebakery.com.au/,Point,115.8604287,-31.951712,node/11799149749,cafe,,,,2026-02-05,,,,,,,,,,,,,,,,,,,,,,,,,,,,,,,,,,,,,,,,,,,,,,,,,,,,,,,,,,,,,,,,,,,,,,,,,,,,,,,,,,,
Feature,node/11806156341,,Hadiqa,,,,,https://sneakersandjeans.com.au/pages/hadiqa,Point,115.8640317,-31.9551173,node/11806156341,restaurant,moroccan;greek;mediterranean,40,Irwin Street,,,,,6000,Perth,,,,,,,,,,,,,,,,,WA,,,,,,,,,,,,,,,,,,,,,,,,,,,,,,,,,,,,,,,,,,,,,,,,,,,,,,,,,,,,,
Feature,node/11810571883,,Little Soho Coffee Co.,,,,,,Point,115.8539308,-31.9536996,node/11810571883,cafe,coffee_shop,,,2025-11-12,,,,,,,,,,,,Mo-Th 06:00-14:00; Fr 06:00-13:00,,,yes,yes,yes,,yes,,,,,,,,,,,,,,,,,,,,,,,,,,,,,,,,,,,,,,,,,,,,,,,,,,,,,,,,,,,,,,,,
Feature,node/11827235934,,Sushi Hub,,,,,,Point,115.8556795,-31.949754,node/11827235934,restaurant,japanese,,,,,,,,,,,,,,,,,,,,,,,,,,,yes,,,,,,,,,,,,,,,,,,,,,,,,,,,,,,,,,,,,,,,,,,,,,,,,,,,,,,,,,,,
Feature,node/11827235938,,Kickin' Inn Kajun Seafood,,,,,,Point,115.8554337,-31.9494058,node/11827235938,restaurant,fish,,,,,,,,,,,,,,,,,,,,,,,,,,,,,,,,,,,,,,,,,,,,,,,,,,,,,,,,,,,,,,,,,,,,,,,,,,,,,,,,,,,,,,
Feature,node/11836975385,,Gangnam,,,,,,Point,115.8585838,-31.9507375,node/11836975385,restaurant,korean,,,2025-07-04,,,,,,,,,,,,,,,,,,,,,,,,,,,0,,,,,,,,,,,,,,,,,,,,,,,,,,,,,,,,,,,,,,,,,,,,,,,,,,,,,,,,
Feature,node/11839463731,,Hiss & Smoke,,,,,,Point,115.8587739,-31.9508057,node/11839463731,restaurant,,,,2025-06-28,,,,,,,,,,,,,,,,,,,,,,,,,,,0,,,,,,,,,,,,,,,,,,,,,,,,,,,,,,,,,,,,,,,,,,,,,,,,,,,,,,,,
Feature,node/11840755848,,Novotel,,,,hotel,https://www.novotelperthmurraystreet.com.au/,Point,115.8540948,-31.9510845,node/11840755848,,,388,Murray Street,,,,,6000,Perth,,Novotel,Q420545,,,,,,,,,,,,,,WA,,,,,,,,,,,,,,,,,,,,,,,,,,,,,,,,,,,,,,,,,,,,,,,,,,,,,,,,,,,,,
Feature,node/11840755849,,Gather & Trade,,,,,,Point,115.8541354,-31.9511742,node/11840755849,cafe,coffee_shop,,,,,,,,,,,,,,,,,,,,,,,,,,,,,,,,,,,,,,,,,,,,,,,,,,,,,,,,,,,,,,,,,,,,,,,,,,,,,,,,,,,,,,
Feature,node/11878348269,,Mr. bun,,,,,,Point,115.8611781,-31.953553,node/11878348269,restaurant,asian,,,,,,,,,,,,,,,,,,,,,,,,,,,,,,,,,,,,,,,,,,,,,,,,,,,,,,,,,,,,,,,,,,,,,,,,,,,,,,,,,,,,,,
Feature,node/11896284769,,Thanh Dat Vietnamese Noodle House,,,,,https://www.thanhdatperth.com.au/,Point,115.8624516,-31.9438675,node/11896284769,restaurant,vietnamese,425,William Street,,,,,,,,,,,,,"Th-Tu 11:00-15:00, 17:30-20:00",,,,,,,,,,,,,,,,,,,,,,,,,,,,,,,thanhdatperth,,,,,,,,,,,,,,,,,,,,,,,,,,,,,,,,,,,,,,,,
Feature,node/11896612957,,Long Chim,,,,,,Point,115.8601901,-31.9556063,node/11896612957,restaurant,thai,,,,,,,,,,,,,,,,,,,,,,,,,,,,,,,,,,,,,,,,,,,,,,,,,,,,,,,,,,,,,,,,,,,,,,,,,,,,,,,,,,,,,,
Feature,node/11909794256,,Jom Kopitiam,,,,,,Point,115.8610108,-31.9466783,node/11909794256,restaurant,,,,2024-05-17,,,,,,,,,,,,,,,,,,,,,,,,,,,,,,,,,,,,,,,,,,,,,,,,,,,,,,,,,,,,,,,,,,,,,,,,,,,,,,,,,,,
Feature,node/11914533343,,Ischia,,,,,,Point,115.8731348,-31.9469574,node/11914533343,cafe,,,,2024-05-18,,,,,,,,,,,,,,,,,,,,,,,,,,,,,,,,,,,,,,,,,,,,,,,,,,,,,,,,,,,,,,,,,,,,,,,,,,,,,,,,,,,
Feature,node/12002589569,,Took Bae Kee,,,,,,Point,115.8609462,-31.9529217,node/12002589569,restaurant,korean,127,Barrack Street,,,,,6000,Perth,,,,,,,,,,,,,,,,,WA,,,,,,,,,,,,,,,,,,,,,,,,,,,,,,,,,,,,,,,,,,,,,,,,,,,,,,,,,,,,,
Feature,node/12090146384,,Boost Juice,,,,,,Point,115.8605344,-31.9514761,node/12090146384,cafe,juice,,,,,,,,,,Boost Juice,Q4943789,,,,,,,,,,,,,,,,yes,,,,,,,,,,,,,,,,,,,,,,,,,,,,,,,,,,,,,,,,,,,,,,,,,,,,,,,,,,,
Feature,node/12100274086,,Bocelli Espresso,,,,,,Point,115.8581674,-31.9514182,node/12100274086,cafe,,,,2024-08-09,,,,,,,,,,,,,,,,,,,,,,,,,,,,,,,,,,,,,,,,,,,,,,,,,,,,,,,,,,,,,,,,,,,,,,,,,,,,,,,,,,,
Feature,node/12169914027,,,,,,,,Point,115.8614705,-31.9460778,node/12169914027,cafe,bubble_tea,,,2024-09-11,,,,,,,,,,,,,,,,,,,,,,,,,,,,,,,,,,,,,,,,,,,,,,,,,,,,,,,,,,,,,,,,,,,,,,,,,,,,,,,,,,,
Feature,node/12169914028,,Kumo,,,,,,Point,115.8616051,-31.9461333,node/12169914028,cafe,pancake,,,2024-09-11,,,,,,,,,,,,,,,,,,,,,,,,,,,,,,,,,,,,,,,,,,,,,,,,,,,,,,,,,,,,,,,,,,,,,,,,,,,,,,,,,,,
Feature,node/12169959825,,S&T,,,,,,Point,115.861482,-31.9453598,node/12169959825,restaurant,thai,,,2024-09-11,,,,,,,,,,,,,,,,,,,,,,,,,,,,,,,,,,,,,,,,,,,,,,,,,,,,,,,,,,,,,,,,,,,,,,,,,,,,,,,,,,,
Feature,node/12206616101,,Milky Lane,,,,,,Point,115.8594053,-31.9594439,node/12206616101,restaurant,,,,,,,,,,,,,,,,,,,,,,,,,,,,,,,,,,,,,,,,,,,,,,,,,,,,,,,,,,,,,,,,,,,,,,,,,,,,,,,,,,,,,,,
Feature,node/12207959594,,Bari-uma Ramen,,,,,,Point,115.8602688,-31.9543472,node/12207959594,restaurant,japanese,63,Barrack Street,,,,,,,,,,,,,,,,,,,,,,,,,,,,,,,,,,,,,,,,,,,,,,,,,,,,,,,,,,,,,,,,,,,,,,,,,,,,,yes,,,,,,,
Feature,node/12207959596,,Chaffic,,,,,,Point,115.8600405,-31.952069,node/12207959596,cafe,bubble_tea,,,,,,,,,,,,,,,Mo-Su 10:00-18:00,,,,,,,,,,,,,,,,,,,,,,,,,,,,,,,,,,,,,,,,,,,,,,,,,,,,,,,,,,,,,,,,,,,,,,,
Feature,node/12207959597,no,Sharetea,,,,,,Point,115.8576911,-31.9523979,node/12207959597,cafe,bubble_tea,140,William Street,2026-02-03,,yes,,6000,Perth,yes,,,,,,,,30,,,,no,no,,,WA,,,,G,0,no,,,no,no,no,no,,,,,,,,,,,,,,no,,,,,,,,,,,,,,,,,,,,,,,,,,,,,Q64827032,,,,,,
Feature,node/12208348108,,Arirang Korean BBQ,,+61 8 9225 4855,,,https://www.arirang.com.au/,Point,115.8604774,-31.9538237,node/12208348108,restaurant,korean;barbecue,91-93,Barrack Street,,,,,,,,,,,,,Mo-Su 11:30-21:30,,,,,,,,,,,,,,,,,,,,,,,,,,,,,,,,,,,,,,,,,,,,,,,,,yes,,,,,,,,,,,,,,,,,,,,,,
Feature,node/12208348109,,Main Street Ryu Japanese Food X Liquor,,,,,,Point,115.8603274,-31.954136,node/12208348109,restaurant,japanese;liquor,83,Barrack Street,,,,,6000,Perth,,,,,,,,,,,,,,,,,WA,,,,,,,,,,,,,,,,,,,,,,,,,,,,,,,,,,,,,,,,,,,,,,,,,,,,,,,,,,,,,
Feature,node/12245954788,,Tokyo Sushi,,,,,,Point,115.8558957,-31.9533756,node/12245954788,restaurant,,,,,,,,,,,,,,,,,,,,,,,,,,,,,,,,,,,,,,,,,,,,,,,,,,,,,,,,,,,,,,,,,,,,,,,,,,,,,,,,,,,,,,,
Feature,node/12245954790,,Miss Maud,,,,,,Point,115.8552303,-31.9531258,node/12245954790,restaurant,,,,,,,,,,,,,,,,,,,,,,,,,,,,,,,,,,,,,,,,,,,,,,,,,,,,,,,,,,,,,,,,,,,,,,,,,,,,,,,,,,,,,,,
Feature,node/12245954793,,Drip House,,,,,,Point,115.8561819,-31.9531325,node/12245954793,cafe,,,,2025-06-13,,yes,,,,,,,,,,06:00-14:00,,,yes,yes,yes,,,,,,,,,,,,,,,,,,,,,,,,,,,,,,,,,,,,,,,,,,,,,,,,,,,,,,,,,,,,,,,,,,
Feature,node/12245954796,,Raasoi,,,,,,Point,115.8558248,-31.9533558,node/12245954796,restaurant,,,,,,,,,,,,,,,,,,,,,,,,,,,,,,,,,,,,,,,,,,,,,,,,,,,,,,,,,,,,,,,,,,,,,,,,,,,,,,,,,,,,,,,
Feature,node/12257767763,,Ongrill,,,,,,Point,115.8617348,-31.9403221,node/12257767763,restaurant,korean,,,2024-10-15,,,,,,,,,,,,,,,,,,,,,,,,,,,,,,,,,,,,,,,,,,,,,,,,,,,,,,,,,,,,,,,,,,,,,,,,,,,,,,,,,,,
Feature,node/12257767764,,Khanom,,,,,,Point,115.8619336,-31.9404018,node/12257767764,restaurant,thai,,,2024-10-15,,,,,,,,,,,,,,,,,,,,,,,,,,,,,,,,,,,,,,,,,,,,,,,,,,,,,,,,,,,,,,,,,,,,,,,,,,,,,,,,,,,
Feature,node/12470375502,,Mela Indian,,,,,,Point,115.8627649,-31.9438194,node/12470375502,restaurant,,402,William Street,,,,,,,,,,,,,,,,,,,,,,,,,,,,,,,,,,,,,,,,,,,,,,,,,,,,,,,,,,,,,,,,,,,,,,2025-06-28,,,,,,,,,no,,,,,
Feature,node/12657032187,,Lamont's,,+61 8 9226 1884,,,https://lamonts.com.au/bishops-house/,Point,115.8513544,-31.9541971,node/12657032187,restaurant,,,,,,,,6000,Perth,,,,,,,,,,,,,,,,,WA,,,,,,,,,,,,,,,,,,,,,,,,,,,,,,,,,,,,,,,,,,,,,,,,,,,,,,,,,,,,,
Feature,node/12683536207,,Sha Patisserie,,,,,,Point,115.85518,-31.955044,node/12683536207,cafe,,,,,no,yes,,,,,,,,,,,,,,,,,yes,,,,,yes,,,,no,,,,,,,,,,,,,,,,,,,,,,,,,,,,,,,,,,,,,,,,,,,,,,,,,,,,,,,
Feature,node/12724747960,,Saigon Vietnamese & Asian Food,,,,,,Point,115.8535105,-31.9522878,node/12724747960,restaurant,asian;vietnamese,,,,,yes,,,,,,,,,,Mo 10:00-15:00; Tu-Th 10:00-21:00; Fr 10:00-22:00; PH closed,,,,,,,yes,,,,,yes,,,,,,,,,,,,,,,,,,,,,,,,,,,,,,,,,,,,,,,,,,,,,,,,,,,,,,,,,,,
Feature,node/12753527035,,Kinky Lizard Espresso Bar,,,,,,Point,115.8532189,-31.9524841,node/12753527035,cafe,,,,2025-04-14,,,,,,,,,,,,,,,,,,,,,,,,,,,,,,,,,,,,,,,,,,,,,,,,,,,,,,,,,,,,,,,,,,,,,,,,,,,,,,,,,,,
Feature,node/12753866617,,Nero Espresso Coffee,,,,,,Point,115.8556039,-31.952706,node/12753866617,cafe,,,,2025-11-12,,,,,,,,,,,,,,,yes,yes,yes,,,,,,,,,,,,,,,,,,,,,,,,,,,,,,,,,,,,,,,,,,,,,,,,,,,,,,,,,,,,,,,,,,
Feature,node/12753866620,,Mad Kitchen,,,,,,Point,115.860657,-31.9512791,node/12753866620,restaurant,sushi,,,2025-04-14,,yes,,,,,,,,,,,,,,,,,,,,,,,,,,,,,,,,,,,,,,,,,,,,,,,,,,,,,,,,,,,,,,,,,,,,,,,,,,,,,,,,,
Feature,node/12753866622,,Benoffee Espresso,,,,,,Point,115.8604818,-31.9512983,node/12753866622,cafe,ice_cream,,,2026-02-05,,yes,,,,,,,,,,,,,,,,,,,,,,,,,,,,,,,,,,,,,,,,,,,,,,,,,,,,,,,,,,,,,,,,,,,,,,,,,,,,,,,,,
Feature,node/12777387520,,Singular Coffee,,,,,,Point,115.8667916,-31.9584827,node/12777387520,cafe,,,,2025-04-23,,,,,,,,,,,,,,,,,,,,,,,,,,,,,,,,,,,,,,,,,,,,,,,,,,,,,,,,,,,,,,,,,,,,,,,,,,,,,,,,,,,
Feature,node/12777692514,,Crib Lane,,,,,,Point,115.8540197,-31.9527478,node/12777692514,cafe,,,,2025-04-23,,,,,,,,,,,,,,,,,,,,,,,,,,,,,,,,,,,,,,,,,,,,,,,,,,,,,,,,,,,,,,,,,,,,,,,,,,,,,,,,,,,
Feature,node/12801680567,,Swish Coffee Brewers,,,,,https://www.swishcoffeebrewers.com.au,Point,115.8557141,-31.9548708,node/12801680567,cafe,,,,2025-05-01,,,,,,,,,,,,"Mo-Th 07:00-15:00; Fr 07:00-14:00; Sa-Su,PH off",,,,,,,,,,,,,,,,,,,,,,,,,,,,,,,,,,,,,,,,,,,,,,,,,,,,,,,,,,,,,,,,,,,,,,,
Feature,node/12801680570,,Playa Coffee,,,,,,Point,115.8558028,-31.9554733,node/12801680570,cafe,,,,2025-05-01,,,,,,,,,,,,,,,,,,,,,,,,,,,,,,,,,,,,,,,,,,,,,,,,,,,,,,,,,,,,,,,,,,,,,,,,,,,,,,,,,,,
Feature,node/12813354572,,Ascua,,,,,,Point,115.854862,-31.9530432,node/12813354572,restaurant,,,,2025-05-06,,,,,,,,,,,,,,,,,,,,,,,,,,,,,,,,,,,,,,,,,,,,,,,,,,,,,,,,,,,,,,,,,,,,,,,,,,,,,,,,,,,
Feature,node/12836335650,,Cabinet Noir Express,,,,,,Point,115.855861,-31.9520703,node/12836335650,cafe,,,,2025-05-14,,,,,,,,,,,,,,,,,,,,,,,,,,,,,,,,,,,,,,,,,,,,,,,,,,,,,,,,,,,,,,,,,,,,,,,,,,,,,,,,,,,
Feature,node/12850138730,,Fresh In The City,,,,,,Point,115.8531981,-31.9539322,node/12850138730,cafe,,,,2025-05-20,,,,,,,,,,,,,,,,,,,,,,,,,,,,,,,,,,,,,,,,,,,,,,,,,,,,,,,,,,,,,,,,,,,,,,,,,,,,,,,,,,,
Feature,node/12850165666,,CC Coffee,,,,,,Point,115.853592,-31.9544789,node/12850165666,cafe,,,,2025-05-20,,,,,,,,,,,,,,,,,,,,,,,,,,,,,,,,,,,,,,,,,,,,,,,,,,,,,,,,,,,,,,,,,,,,,,,,,,,,,,,,,,,
Feature,node/12894152742,,Game City,,,,,,Point,115.8570323,-31.9538787,node/12894152742,cafe,,,,2025-06-07,,,,,,,,,,,,,,,,,,,,,,,,,,,,,,,,,,,,,,,,,,,,,,,,,,,,,,,,,,,,,,,,,,,,,,,,,,,,,,,,,,,
Feature,node/12894241586,,Alba,,,,,https://www.stories.au/alba/,Point,115.8588385,-31.9508611,node/12894241586,restaurant,,,,2025-06-08,,yes,,,,,,,,,,Mo-Tu off; We-Su 11:30-24:00,,,,,,,,,,,,,,2,1,,,,,,,,,,,,,,,,,,,,,,,,,,,,,,,,,,,,,,,,,,,,,,,,,,,,,,,,
Feature,node/12895879191,,Karla,,,,,https://www.stories.au/karla/,Point,115.8584285,-31.9504607,node/12895879191,restaurant,,,,2025-07-04,,,,,,,,,,,,,,,,,,,,,,,,,,M,1,,,,,,,,,,,,,,,,,,,,,,,,,,,,,,,,,,,,,,,,,,,,,,,,,,,,,,,,
Feature,node/12973142254,,Ground+Co.,,,,,https://groundandco.com.au/,Point,115.860877,-31.9489464,node/12973142254,cafe,,25,Francis Street,,,,,,,,,,,,,Mo-Fr 07:30-14:00,,,,,,,yes,,,,,,,,0,,,,,,,,,,,,,,,,,,,,,,,,,,,,,,,,,,,,,,,,,,,,,,,,,,,,,,,,
Feature,node/12976495421,,Ground.,,,,,,Point,115.8586563,-31.950775,node/12976495421,cafe,,,,2025-07-04,,,,,,,,,,,,,,,,,,,,,,,,,,,0,,,,,,,,,,,,,,,,,,,,,,,,,,,,,,,,,,,,,,,,,,,,,,,,,,,,,,,,
Feature,node/13036657501,,Costanza's Simple,,,,,https://www.simpleitalian.com.au/,Point,115.8534071,-31.9512343,node/13036657501,restaurant,italian;italian_pizza,413,Murray Street,,,,,6000,,,,,,,,,,,,,,,,,,,,,,,,,,,,,,,,,,,,,,,,,,,,,,,,,,,,,,,,,,,,,,,,,,,,,,,,,,,no,,,,
Feature,node/13143862610,,Chuonkin,,,,,,Point,115.8610364,-31.9527058,node/13143862610,restaurant,thai,,,,,,,,,,,,,,,,,,,,,,,,,,,,,,,,,,,,,,,,,,,,,,,,,,,,,,,,,,,,,,,,,,,,,,,,,,,,,,,,,,,,,,
Feature,node/13143908067,,Cotti Coffe,,,,,,Point,115.8610007,-31.9533864,node/13143908067,cafe,,108,Barrack Street,,,,,6000,Perth,,,,,,,,,6,,,,,no,,,WA,,,,,,,,,,,,,,,,,,,,,,,,,,,,,,,,,,,,,,,,,,,,,,,,,,,yes,,,,,,,yes,,,
Feature,node/13143908071,,Chop Chop BBQ,,,,,,Point,115.8610662,-31.953237,node/13143908071,restaurant,asian,,,,,,,,,,,,,,,,,,,,,,,,,,,,,,,,,,,,,,,,,,,,,,,,,,,,,,,,,,,,,,,,,,,,,,,,,,,,,,,,,,,,,,
Feature,node/13143908072,,Lil Ten's Cafe,,,,,,Point,115.8610071,-31.953487,node/13143908072,cafe,dumplings,142,Murray Street,,,,,,,,,,,,,,,4B,,,,,,,,,,,,,,,,,,,,,,,,,,,,,,,,,,,,,,,,,,,,,,,,,,,,,,,,,,,yes,,,,,,,,,,
Feature,node/13144015790,,Karache,,,,,,Point,115.8617159,-31.953723,node/13144015790,restaurant,,,,,,,,,,,,,,,,,,,,,,,,,,,,,,,,,,,,,,,,,,,,,,,,,,,,,,,,,,,,,,,,,,,,,,,,,,,,,,,,,,,,,,,
Feature,node/13144015794,,Roll Vs Bowl,,,,,,Point,115.8612907,-31.9535842,node/13144015794,restaurant,vietnamese,,,,,,,,,,,,,,,,,,,,,,,,,,,,,,,,,,,,,,,,,,,,,,,,,,,,,,,,,,,,,,,,,,,,,,,,,,,,,,,,,,,,,,
Feature,node/13144044956,,QT Perth,,+61 8 9225 8000,,hotel,https://www.qthotels.com/perth/,Point,115.8609862,-31.9538415,node/13144044956,,,133,Murray Street,,,,,6000,Perth,,,,,,,,,,,,,,,,,WA,,,,,,,,,,,,,,,,,,,,,,,,,,,,,,,,,,,,,,,,,,,,,,,,,,,,,,,,,,,,,
Feature,node/13264495010,,Mister George,,,,,,Point,115.8559553,-31.9542935,node/13264495010,cafe,,,,2025-10-28,,,,,,,,,,,,,,,,,,,,,,,,,,,0,,,,,,,,,,,,,,,,,,,,,,,,,,,,,,,,,,,,,,,,,,,,,,,,,,,,,,,,
Feature,node/13286555187,,K's Dumpling House,,,,,,Point,115.8543566,-31.9535636,node/13286555187,restaurant,chinese,,,2025-11-07,,,,,,,,,,,,,,,,,,,,,,,,,,,,,,,,,,,,,,,,,,,,,,,,,,,,,,,,,,,,,,,,,,,,,,,,,,,,,,,,,,,
Feature,node/13286557802,,Hem 1958,,,,,,Point,115.8556787,-31.9523314,node/13286557802,restaurant,vietnamese,,,2026-01-05,,yes,,,,,,,,,,,,,yes,yes,yes,,,,,,,,,,,,,,,,,,,,,,,,,,,,,,,,,,,,,,,,,Banh Mi & Cafe,,,,,,,,,,,,,,,,,,,,,,,,,
Feature,node/13315690929,,Ayini,,,,,,Point,115.8552349,-31.9534818,node/13315690929,restaurant,indian,,,2025-11-19,,,,,,,,,,,,,,,yes,yes,yes,,no,,,,,only,,,,,,Flavours Of India,,,,,,,,,,,,,,,,,,,,,,,,,,,,,,,,,,,,,,,,,,,,,,,,,,,,,
Feature,node/13366624518,,,,,,,,Point,115.8579821,-31.9517397,node/13366624518,restaurant,asian,,,2025-12-10,,,,,,,,,,,,,,,,,,,,,,,,,,,,,,,,,,,,,,,,,,,,,,,,,,,,,,,,,,,,,,,,,,,,,,,,,,,,,,,,,,,
Feature,node/13377564002,,daxxi140,,,,,,Point,115.8564007,-31.9540602,node/13377564002,cafe,coffee_shop,,,2025-12-15,,yes,,,,,,,,,,,,,,,,,,,,,,,,,,,,,,,,,,,,,,,,,,,,,,,,,,,,,,,,,,,,,,,,,,,,,,,,,,,,,,,,,
Feature,node/13422437901,,188 Apartments,,,,hotel,https://www.188apartments.com.au/,Point,115.8615284,-31.946301,node/13422437901,,,,,,,,,,,,,,,,,,,,,,,,,,,,,,,,,,,,,,,,,,,,,,,,,,,,,,,,,,,,,,,,,,,,,,,,,,,,,,,,,,,,,,,,
Feature,node/13435803801,,Matt's Lunch Bar,,,,,,Point,115.8679729,-31.9468414,node/13435803801,cafe,,140,Edward Street,,,,,,,,,,,,,,,,,,,,,,,,,,,,,,,,,,,,,,,,,,,,,,,,,,,,,,,,,,,,,,,,,,,,,,,,,,,,,,,,,,,,
Feature,node/13504035280,wlan,Wildbean Cafe,,,,,,Point,115.8674063,-31.942488,node/13504035280,cafe,,,,2026-01-27,,yes,,,,yes,,,,,,05:00-21:30,,,,,,,,,,,no,,,G,0,yes,,,yes,,,yes,,BP,,,,,,,,,,,,,,,,,,,,,,Cafe and convenience store,,,,,,,,,,,,,,,,,,,,,,,yes,no,yes
Feature,node/13511588579,no,Shogun Sushi,,,,,,Point,115.8581965,-31.9546801,node/13511588579,restaurant,japanese,72,Trinity Arcade,2026-01-30,,yes,,,,yes,,,,,,,,,,,,no,no,no,,,,,,G,0,no,,,no,,no,no,,,,,,,,,,,,,,,,,,,,,,,no,,,,,,,,,,,,,,,,,,,,,,,,,,
Feature,node/13523112293,,Gemini,,,,,,Point,115.8567834,-31.9509939,node/13523112293,cafe,,,,2026-02-04,,,,,,,,,,,,,,,,,,,,,,,,,,,,,,,,,,,,,,,,,,,,,,,,,,,,,,,,,,,,,,,,,,,,,,,,,,,,,,,,,,,
